Rank;Sourceid;Title;Type;Issn;SJR;SJR Quartile;H index;Total Docs. (2021);Total Docs. (3years);Total Refs.;Total Cites (3years);Citable Docs. (3years);Cites / Doc. (2years);Ref. / Doc.;Country;Region;Publisher;Coverage;Categories
1;15631;International Journal of Information Management;journal;2684012;4.584;Q1;132;166;504;16896;10690;496;21.35;101.78;United Kingdom;Western Europe;Elsevier Ltd.;1970, 1986-2022;"Artificial Intelligence (Q1); Computer Networks and Communications (Q1); Information Systems (Q1); Information Systems and Management (Q1); Library and Information Sciences (Q1); Management Information Systems (Q1); Marketing (Q1)"
2;22951;Journal of Marketing;journal;15477185, 00222429;7.461;Q1;253;92;149;5781;2041;142;14.14;62.84;United States;Northern America;American Marketing Association;1969, 1971, 1973, 1977, 1979-1981, 1995-2021;"Business and International Management (Q1); Economics and Econometrics (Q1); Marketing (Q1)"
3;24385;Journal of the Academy of Marketing Science;journal;00920703, 15527824;4.433;Q1;183;65;180;5018;2313;163;13.87;77.2;United States;Northern America;Springer New York;1973-2021;"Business and International Management (Q1); Economics and Econometrics (Q1); Marketing (Q1)"
4;22928;Journal of Interactive Marketing;journal;10949968, 15206653;3.62;Q1;114;34;98;2391;1192;97;12.53;70.32;United States;Northern America;Elsevier Ltd.;1997-2021;"Business and International Management (Q1); Marketing (Q1)"
5;21100932830;Journal of Innovation and Knowledge;journal;2444569X, 25307614;2.167;Q1;29;28;84;2221;1061;83;12.2;79.32;Netherlands;Western Europe;Elsevier BV;2016-2021;"Business and International Management (Q1); Economics and Econometrics (Q1); Management of Technology and Innovation (Q1); Marketing (Q1)"
6;22992;Journal of Retailing and Consumer Services;journal;9696989;2.261;Q1;104;425;721;33979;8161;716;11.1;79.95;United Kingdom;Western Europe;Elsevier Ltd.;1994-2022;Marketing (Q1)
7;20209;Business Horizons;journal;76813;2.382;Q1;97;79;249;2881;2474;198;11.06;36.47;United Kingdom;Western Europe;Elsevier Ltd.;1957-2021;"Business and International Management (Q1); Marketing (Q1)"
8;20550;Journal of Business Research;journal;1482963;2.316;Q1;217;985;1785;84665;19456;1749;11.06;85.95;United States;Northern America;Elsevier Inc.;1973-2022;Marketing (Q1)
9;19700183600;Journal of Hospitality Marketing and Management;journal;19368631, 19368623;1.999;Q1;59;44;144;3922;1455;141;10.44;89.14;United States;Northern America;Routledge;2010-2021;"Management Information Systems (Q1); Marketing (Q1); Tourism, Leisure and Hospitality Management (Q1)"
10;19700201414;Journal of Research in Interactive Marketing;journal;20407122;1.563;Q1;42;70;79;5187;791;79;9.96;74.1;United Kingdom;Western Europe;Emerald Group Publishing Ltd.;2010-2021;Marketing (Q1)
11;22990;Journal of Retailing;journal;224359;2.511;Q1;145;69;105;4413;876;88;9.2;63.96;United Kingdom;Western Europe;Elsevier BV;1993-2021;Marketing (Q1)
12;14812;Journal of Travel and Tourism Marketing;journal;10548408, 15407306;2.054;Q1;82;64;230;4935;2009;225;8.62;77.11;United States;Northern America;Routledge;1992-2021;"Marketing (Q1); Tourism, Leisure and Hospitality Management (Q1)"
13;29400;Journal of World Business;journal;10909516;2.727;Q1;121;63;177;7482;1860;172;8.47;118.76;United States;Northern America;Elsevier Inc.;1997-2021;"Business and International Management (Q1); Finance (Q1); Marketing (Q1)"
14;23665;International Business Review;journal;9695931;1.69;Q1;105;102;272;11594;2256;267;8.44;113.67;United Kingdom;Western Europe;Elsevier Ltd.;1993-2021;"Business and International Management (Q1); Finance (Q1); Marketing (Q1)"
15;22833;International Journal of Research in Marketing;journal;1678116;2.53;Q1;109;90;131;7049;970;125;8.39;78.32;Netherlands;Western Europe;Elsevier;1984-2021;Marketing (Q1)
16;22792;Industrial Marketing Management;journal;198501;2.206;Q1;147;203;632;18275;5354;600;8.24;90.02;United States;Northern America;Elsevier Inc.;1971-2021;Marketing (Q1)
17;21100886545;Journal of Interactive Advertising;journal;15252019;1.813;Q1;11;23;52;1431;387;48;8.08;62.22;United Kingdom;Western Europe;Taylor and Francis Ltd.;2018-2021;"Communication (Q1); Marketing (Q1)"
18;21100228536;Journal of Destination Marketing and Management;journal;2212571X;1.754;Q1;50;124;277;10579;2476;276;7.75;85.31;United Kingdom;Western Europe;Elsevier Ltd.;2012-2021;"Business and International Management (Q1); Marketing (Q1); Strategy and Management (Q1); Tourism, Leisure and Hospitality Management (Q1)"
19;22972;Journal of Purchasing and Supply Management;journal;14784092;2.204;Q1;91;33;117;2563;838;110;7.4;77.67;United Kingdom;Western Europe;Elsevier Ltd.;2003-2021;"Marketing (Q1); Strategy and Management (Q1)"
20;22899;Journal of Consumer Research;journal;00935301, 15375277;7.117;Q1;194;58;166;3860;1470;164;7.33;66.55;United Kingdom;Western Europe;Oxford University Press;1977-1978, 1984, 1996-2021;"Anthropology (Q1); Arts and Humanities (miscellaneous) (Q1); Business and International Management (Q1); Economics and Econometrics (Q1); Marketing (Q1)"
21;4700152287;Academy of Management Perspectives;journal;15589080;4.07;Q1;138;42;88;3216;846;85;6.98;76.57;United States;Northern America;Academy of Management;2006-2021;"Business and International Management (Q1); Marketing (Q1); Strategy and Management (Q1)"
22;17167;Public Administration Review;journal;00333352, 15406210;2.788;Q1;149;123;317;6921;2023;260;6.98;56.27;United Kingdom;Western Europe;Wiley-Blackwell;1978-1983, 1985, 1988, 1996-2021;"Marketing (Q1); Public Administration (Q1); Sociology and Political Science (Q1)"
23;5700167235;International Journal of Consumer Studies;journal;14706423, 14706431;0.986;Q2;77;117;183;12612;1152;180;6.8;107.79;United Kingdom;Western Europe;Wiley-Blackwell Publishing Ltd;2001-2021;"Public Health, Environmental and Occupational Health (Q1); Applied Psychology (Q2); Economics and Econometrics (Q2); Marketing (Q2)"
24;28179;Journal of Advertising;journal;15577805, 00913367;2.701;Q1;119;77;114;4937;937;109;6.57;64.12;United States;Northern America;M.E. Sharpe Inc.;1972-2021;"Business and International Management (Q1); Communication (Q1); Marketing (Q1)"
25;17700155010;Australasian Marketing Journal;journal;14413582;1.068;Q2;40;36;133;2661;688;120;6.47;73.92;Australia;Pacific Region;SAGE Publications Ltd;2003-2021;"Economics and Econometrics (Q1); Marketing (Q2)"
26;22961;Journal of Marketing Research;journal;00222437, 15477193;5.372;Q1;182;62;181;3849;1226;179;6.47;62.08;United States;Northern America;American Marketing Association;1968, 1995-2021;"Business and International Management (Q1); Economics and Econometrics (Q1); Marketing (Q1)"
27;100147317;Journal of Supply Chain Management;journal;15232409, 1745493X;3.034;Q1;98;29;54;2381;437;51;6.18;82.1;United States;Northern America;Wiley-Blackwell;1999-2021;"Economics, Econometrics and Finance (miscellaneous) (Q1); Information Systems (Q1); Management Information Systems (Q1); Marketing (Q1)"
28;10600153348;International Journal of Advertising;journal;17593948, 02650487;1.741;Q1;67;101;196;7156;1170;175;6.06;70.85;United Kingdom;Western Europe;Taylor and Francis Ltd.;1982-2021;"Communication (Q1); Marketing (Q1)"
29;15057;Electronic Commerce Research and Applications;journal;15674223;1.365;Q1;82;75;250;5619;1810;250;6.03;74.92;Netherlands;Western Europe;Elsevier;2002-2021;"Computer Networks and Communications (Q1); Computer Science Applications (Q1); Management of Technology and Innovation (Q1); Marketing (Q1)"
30;19600157911;Electronic Markets;journal;14228890, 10196781;1.033;Q2;41;88;148;8090;864;124;5.86;91.93;Germany;Western Europe;Springer Verlag;2009-2021;"Business and International Management (Q1); Computer Science Applications (Q1); Management of Technology and Innovation (Q1); Economics and Econometrics (Q2); Marketing (Q2)"
31;22199;European Journal of Marketing;journal;3090566;1.483;Q1;110;118;372;10774;2126;352;5.7;91.31;United Kingdom;Western Europe;Emerald Group Publishing Ltd.;1967-1990, 2001, 2005-2021;Marketing (Q1)
32;145229;International Journal of Bank Marketing;journal;2652323;0.886;Q2;87;66;237;5676;1367;235;5.69;86;United Kingdom;Western Europe;Emerald Group Publishing Ltd.;1983-2021;Marketing (Q2)
33;12100156754;Sport Management Review;journal;14413523;1.579;Q1;63;62;170;4431;1093;169;5.55;71.47;Netherlands;Western Europe;Elsevier BV;1998-2021;"Business and International Management (Q1); Management Science and Operations Research (Q1); Marketing (Q1); Organizational Behavior and Human Resource Management (Q1); Sports Science (Q1); Strategy and Management (Q1); Tourism, Leisure and Hospitality Management (Q1)"
34;15823;Journal of Public Administration Research and Theory;journal;14779803, 10531858;3.811;Q1;119;34;107;2749;773;106;5.52;80.85;United Kingdom;Western Europe;Oxford University Press;1991-2021;"Marketing (Q1); Public Administration (Q1); Sociology and Political Science (Q1)"
35;22839;International Marketing Review;journal;2651335;1.329;Q1;96;73;164;7500;948;159;5.5;102.74;United Kingdom;Western Europe;Emerald Group Publishing Ltd.;1983-2021;"Business and International Management (Q1); Economics and Econometrics (Q1); Marketing (Q1)"
36;21100446531;Journal of Entrepreneurship in Emerging Economies;journal;20534604, 20534612;0.577;Q2;21;109;93;10267;472;93;5.29;94.19;United Kingdom;Western Europe;Emerald Group Publishing Ltd.;2014-2021;"Economics, Econometrics and Finance (miscellaneous) (Q1); Business and International Management (Q2); Marketing (Q2); Strategy and Management (Q2)"
37;23714;Marketing Science;journal;07322399, 1526548X;6.584;Q1;135;56;165;2297;863;159;5.27;41.02;United States;Northern America;INFORMS Institute for Operations Research and the Management Sciences;1996-2021;"Business and International Management (Q1); Economics and Econometrics (Q1); Marketing (Q1)"
38;22944;Journal of International Marketing;journal;15477215, 1069031X;1.992;Q1;95;23;59;1821;447;55;5.26;79.17;United States;Northern America;American Marketing Association;1995-2021;"Business and International Management (Q1); Economics and Econometrics (Q1); Marketing (Q1)"
39;21100781509;Journal of Public Policy and Marketing;journal;07439156, 15477207;1.192;Q1;80;47;99;2861;402;88;5.26;60.87;United States;Northern America;American Marketing Association;1995-2021;"Business and International Management (Q1); Economics and Econometrics (Q1); Marketing (Q1)"
40;29139;Public Relations Review;journal;3638111;1.829;Q1;89;105;257;7682;1341;255;5.21;73.16;Netherlands;Western Europe;Elsevier BV;1975-2021;"Communication (Q1); Marketing (Q1); Organizational Behavior and Human Resource Management (Q1)"
41;21100465205;European Research on Management and Business Economics;journal;24448834;1.035;Q2;24;25;64;2118;445;64;5.14;84.72;Spain;Western Europe;European Academy of Management and Business Economics;2016-2021;"Business and International Management (Q1); Strategy and Management (Q1); Economics and Econometrics (Q2); Marketing (Q2)"
42;16051;American Review of Public Administration;journal;15523357, 02750740;1.612;Q1;62;43;210;3245;1020;206;5.13;75.47;United States;Northern America;SAGE Publications Inc.;1967-1983, 1987-2021;"Marketing (Q1); Public Administration (Q1); Sociology and Political Science (Q1)"
43;144921;International Journal of Retail and Distribution Management;journal;9590552;0.964;Q2;87;100;217;7846;1270;215;5.03;78.46;United Kingdom;Western Europe;Emerald Group Publishing Ltd.;1990-2021;"Business and International Management (Q1); Tourism, Leisure and Hospitality Management (Q1); Marketing (Q2)"
44;144666;Journal of Product and Brand Management;journal;10610421;0.999;Q2;90;64;244;6535;1190;233;4.95;102.11;United Kingdom;Western Europe;Emerald Group Publishing Ltd.;1992-2021;"Management of Technology and Innovation (Q1); Strategy and Management (Q1); Marketing (Q2)"
45;21100855756;Spanish Journal of Marketing - ESIC;journal;24449709, 24449695;0.98;Q2;18;18;65;1609;373;65;4.83;89.39;Spain;Western Europe;Emerald Group Publishing Ltd.;2016-2021;Marketing (Q2)
46;130049;Journal of Services Marketing;journal;8876045;1.599;Q1;111;86;247;6975;1367;242;4.72;81.1;United Kingdom;Western Europe;Emerald Group Publishing Ltd.;1987-2021;Marketing (Q1)
47;21101041413;AMS Review;journal;18698182, 1869814X;1.18;Q1;21;38;77;2832;316;48;4.63;74.53;United States;Northern America;Springer New York;2011-2021;Marketing (Q1)
48;19700187623;Journal of Marketing Management;journal;0267257X, 14721376;1.244;Q1;75;107;223;9464;958;185;4.6;88.45;United Kingdom;Western Europe;Taylor and Francis Ltd.;1985-1997, 2001, 2006, 2008-2021;"Marketing (Q1); Strategy and Management (Q1)"
49;14014;Psychology and Marketing;journal;07426046, 15206793;1.2;Q1;124;157;284;14117;1378;277;4.56;89.92;United States;Northern America;Wiley-Liss Inc.;1984-2021;"Applied Psychology (Q1); Marketing (Q1)"
50;144957;Journal of Marketing Education;journal;02734753, 15526550;0.775;Q2;60;36;65;2490;297;56;4.54;69.17;United States;Northern America;SAGE Publications Inc.;1979-2021;"Education (Q1); Marketing (Q2)"
51;22920;Journal of Fashion Marketing and Management;journal;13612026;0.971;Q2;56;53;121;3886;583;119;4.53;73.32;United Kingdom;Western Europe;Emerald Group Publishing Ltd.;1996-2021;"Business and International Management (Q1); Marketing (Q2)"
52;17700156753;Journal of Financial Services Marketing;journal;14791846, 13630539;0.511;Q3;21;42;38;3233;142;38;4.47;76.98;United Kingdom;Western Europe;Palgrave Macmillan Ltd.;2004, 2009-2021;"Finance (Q2); Marketing (Q3)"
53;144670;Marketing Intelligence and Planning;journal;2634503;0.926;Q2;75;57;186;3736;848;185;4.44;65.54;United Kingdom;Western Europe;Emerald Group Publishing Ltd.;1983-2021;Marketing (Q2)
54;21100395911;Asia Pacific Journal of Marketing and Logistics;journal;13555855, 17584248;0.799;Q2;51;137;273;10676;1299;267;4.4;77.93;United Kingdom;Western Europe;Emerald Group Publishing Ltd.;1993-2021;"Business and International Management (Q1); Marketing (Q2); Strategy and Management (Q2)"
55;21100778661;European Journal of Management and Business Economics;journal;24448451;0.665;Q2;20;39;65;2832;287;61;4.28;72.62;United Kingdom;Western Europe;Emerald Group Publishing Ltd.;2016-2021;"Business and International Management (Q2); Finance (Q2); Marketing (Q2); Organizational Behavior and Human Resource Management (Q2); Strategy and Management (Q2); Tourism, Leisure and Hospitality Management (Q2)"
56;21100834347;Journal of Marketing Analytics;journal;20503318, 20503326;0.535;Q2;13;44;59;2901;193;49;4.24;65.93;Switzerland;Western Europe;Springer International Publishing AG;2013-2021;"Economics, Econometrics and Finance (miscellaneous) (Q1); Marketing (Q2); Strategy and Management (Q2); Statistics, Probability and Uncertainty (Q3)"
57;17900156718;Journal of Strategic Marketing;journal;0965254X, 14664488;0.816;Q2;56;105;163;8382;721;161;4.24;79.83;United Kingdom;Western Europe;Routledge;1984, 1993-2021;"Marketing (Q2); Strategy and Management (Q2)"
58;17700156769;Journal of Brand Management;journal;14791803, 1350231X;0.942;Q2;55;42;145;3849;661;140;4.23;91.64;United Kingdom;Western Europe;Palgrave Macmillan Ltd.;2005, 2008-2021;"Strategy and Management (Q1); Marketing (Q2)"
59;3900148211;International Journal of Integrated Supply Management;journal;14775360, 17418097;0.901;Q2;22;19;36;1191;141;35;4.2;62.68;United Kingdom;Western Europe;Inderscience Enterprises Ltd.;2005-2021;"Strategy and Management (Q1); Marketing (Q2)"
60;4700152279;Journal of Marketing for Higher Education;journal;15407144, 08841241;0.687;Q2;37;52;59;4165;271;59;4.19;80.1;United States;Northern America;Routledge;1988-1991, 1993-2021;"Education (Q2); Marketing (Q2)"
61;28181;Journal of Consumer Psychology;journal;15327663, 10577408;3.054;Q1;122;79;154;4688;694;148;3.94;59.34;United States;Northern America;"John Wiley &amp; Sons Inc.";1992-2021;"Applied Psychology (Q1); Marketing (Q1)"
62;19088;Governance;journal;09521895, 14680491;1.525;Q1;80;79;136;5013;572;135;3.73;63.46;United Kingdom;Western Europe;Wiley-Blackwell Publishing Ltd;1988-2021;"Marketing (Q1); Public Administration (Q1); Sociology and Political Science (Q1)"
63;21100236016;Journal of Islamic Marketing;journal;17590833, 17590841;0.551;Q2;43;157;277;12661;1081;277;3.7;80.64;United Kingdom;Western Europe;Emerald Group Publishing Ltd.;2010-2021;Marketing (Q2)
64;16800154723;Marketing Theory;journal;14705931, 1741301X;1.699;Q1;72;29;92;2253;355;80;3.68;77.69;United Kingdom;Western Europe;SAGE Publications Ltd;2001-2021;Marketing (Q1)
65;21100435972;Journal of Global Fashion Marketing;journal;20932685, 23254483;1.05;Q2;22;27;74;1527;285;74;3.65;56.56;United Kingdom;Western Europe;Taylor and Francis Ltd.;2010-2021;"Cultural Studies (Q1); Management of Technology and Innovation (Q1); Strategy and Management (Q1); Marketing (Q2)"
66;22954;Journal of Marketing Communications;journal;14664445, 13527266;0.904;Q2;52;74;141;5480;542;140;3.59;74.05;United Kingdom;Western Europe;Routledge;1995-2021;"Business and International Management (Q1); Marketing (Q2)"
67;16032;Administration and Society;journal;00953997, 15523039;1.187;Q1;66;102;191;6575;584;170;3.57;64.46;United States;Northern America;SAGE Publications Inc.;1969-2021;"Marketing (Q1); Public Administration (Q1); Sociology and Political Science (Q1)"
68;22965;Journal of Personal Selling and Sales Management;journal;15577813, 08853134;1.137;Q2;71;28;76;2203;277;69;3.57;78.68;United Kingdom;Western Europe;Taylor and Francis Ltd.;1981-2021;"Business and International Management (Q1); Human Factors and Ergonomics (Q1); Management of Technology and Innovation (Q1); Marketing (Q2)"
69;21100242210;Journal of Social Marketing;journal;20426763, 20426771;0.796;Q2;27;30;77;2362;262;73;3.56;78.73;United Kingdom;Western Europe;Emerald Group Publishing Ltd.;2011-2021;"Management of Technology and Innovation (Q2); Marketing (Q2)"
70;4700152756;Journal of Relationship Marketing;journal;15332675, 15332667;0.591;Q2;26;14;51;1226;178;51;3.54;87.57;United States;Northern America;Routledge;2002-2021;Marketing (Q2)
71;22893;Journal of Business and Industrial Marketing;journal;8858624;0.782;Q2;73;219;453;19309;1771;438;3.51;88.17;United Kingdom;Western Europe;Emerald Group Publishing Ltd.;1986-2021;"Business and International Management (Q1); Marketing (Q2)"
72;19713;Journal of High Technology Management Research;journal;10478310;0.699;Q2;49;12;54;970;270;54;3.44;80.83;United Kingdom;Western Europe;Elsevier BV;1990-2021;"Computer Science Applications (Q2); Information Systems and Management (Q2); Management of Technology and Innovation (Q2); Marketing (Q2); Strategy and Management (Q2)"
73;5000153402;Journal of Marketing Theory and Practice;journal;10696679;0.884;Q2;50;71;93;6035;347;89;3.32;85;United Kingdom;Western Europe;Taylor and Francis Ltd.;2005-2021;Marketing (Q2)
74;4700152803;Journal of Business-to-Business Marketing;journal;15470628, 1051712X;0.481;Q3;32;24;65;2010;196;64;3.3;83.75;United States;Northern America;Routledge;1992-2021;"Management Information Systems (Q2); Marketing (Q3)"
75;22236;Journal of the Operational Research Society;journal;01605682, 14769360;0.88;Q2;115;318;451;14509;1537;445;3.25;45.63;United Kingdom;Western Europe;Taylor and Francis Ltd.;1978-2021;"Management Information Systems (Q1); Modeling and Simulation (Q1); Management Science and Operations Research (Q2); Marketing (Q2); Statistics, Probability and Uncertainty (Q2); Strategy and Management (Q2)"
76;4700152801;Journal of International Consumer Marketing;journal;08961530, 15287068;0.646;Q2;48;55;98;4779;292;89;3.09;86.89;United States;Northern America;Routledge;1988-1993, 1995-2021;"Management Information Systems (Q2); Marketing (Q2)"
77;4700152295;Journal of Promotion Management;journal;10496491;0.653;Q2;32;51;162;3820;484;158;3.09;74.9;United Kingdom;Western Europe;Taylor and Francis Ltd.;1992-1997, 1999-2002, 2004, 2006-2021;Marketing (Q2)
78;19200157038;International Journal of Sports Marketing and Sponsorship;journal;14646668;0.552;Q2;27;63;114;4884;364;113;3.08;77.52;United Kingdom;Western Europe;Emerald Group Publishing Ltd.;2007-2021;"Business and International Management (Q2); Finance (Q2); Marketing (Q2); Sports Science (Q3)"
79;5700161163;Organizacija;journal;13185454;0.381;Q3;11;22;65;1249;157;64;3.07;56.77;Slovenia;Eastern Europe;Fakulteta za Organizacijske Vede, Univerza v Mariboru;2016-2021;"Business and International Management (Q2); Management Information Systems (Q2); Marketing (Q3); Organizational Behavior and Human Resource Management (Q3); Strategy and Management (Q3); Tourism, Leisure and Hospitality Management (Q3)"
80;12100154706;Baltic Journal of Management;journal;17465265;0.687;Q2;31;41;112;2923;440;108;2.99;71.29;United Kingdom;Western Europe;Emerald Group Publishing Ltd.;2006-2021;"Business and International Management (Q2); Management of Technology and Innovation (Q2); Marketing (Q2); Organizational Behavior and Human Resource Management (Q2); Strategy and Management (Q2)"
81;21100286445;Journal of Current Issues and Research in Advertising;journal;10641734, 21647313;0.769;Q2;38;33;58;2274;157;56;2.97;68.91;United Kingdom;Western Europe;Taylor and Francis Ltd.;1992-2010, 2012-2021;Marketing (Q2)
82;23687;Marketing Letters;journal;1573059X, 09230645;1.22;Q1;77;54;100;1694;335;95;2.97;31.37;United States;Northern America;Springer New York;1989-2021;"Business and International Management (Q1); Economics and Econometrics (Q1); Marketing (Q1)"
83;22925;Journal of Global Marketing;journal;08911762, 15286975;0.663;Q2;36;37;81;3337;244;67;2.93;90.19;United States;Northern America;Routledge;1987-2021;"Business and International Management (Q2); Marketing (Q2)"
84;21100838559;Fashion and Textiles;journal;21980802;0.545;Q2;18;42;103;2101;302;101;2.91;50.02;Singapore;Asiatic Region;Springer Singapore;2014-2021;"Cultural Studies (Q1); Marketing (Q2); Materials Science (miscellaneous) (Q2); Social Psychology (Q2); Strategy and Management (Q2)"
85;21100904410;South Asian Journal of Business Studies;journal;2398628X, 23986298;0.48;Q3;14;51;72;4343;239;69;2.91;85.16;United Kingdom;Western Europe;Emerald Group Publishing Ltd.;2017-2021;"Cultural Studies (Q1); Business and International Management (Q2); Economics, Econometrics and Finance (miscellaneous) (Q2); Geography, Planning and Development (Q2); Strategy and Management (Q2); Marketing (Q3)"
86;19700190346;Consumption Markets and Culture;journal;10253866, 1477223X;1.383;Q1;33;47;105;3230;269;100;2.9;68.72;United States;Northern America;Routledge;2003, 2007, 2010-2021;"Anthropology (Q1); Economics and Econometrics (Q1); Marketing (Q1); Social Psychology (Q1)"
87;22897;Journal of Consumer Marketing;journal;7363761;0.654;Q2;106;74;233;5134;717;233;2.77;69.38;United Kingdom;Western Europe;Emerald Group Publishing Ltd.;1984-2021;"Business and International Management (Q2); Marketing (Q2)"
88;20607;Journal of Food Products Marketing;journal;15404102, 10454446;0.566;Q2;30;25;133;1821;459;133;2.77;72.84;United States;Northern America;Routledge;1992-2021;"Business and International Management (Q2); Food Science (Q2); Marketing (Q2)"
89;22844;International Review of Retail, Distribution and Consumer Research;journal;09593969, 14664402;0.455;Q3;43;27;87;1883;241;85;2.76;69.74;United Kingdom;Western Europe;Routledge;1990-2021;"Business and International Management (Q2); Economics and Econometrics (Q2); Marketing (Q3)"
90;25524;Social Marketing Quarterly;journal;15394093, 15245004;0.562;Q2;29;21;70;1359;202;58;2.76;64.71;United States;Northern America;SAGE Publications Inc.;1994-2021;"Economics and Econometrics (Q2); Marketing (Q2)"
91;28180;Journal of Advertising Research;journal;00218499, 17401909;1.332;Q1;90;34;127;1865;433;103;2.68;54.85;United Kingdom;Western Europe;The Advertising Research Foundation;1972, 1996-2020;"Communication (Q1); Marketing (Q1)"
92;21100853526;ACM Transactions on Economics and Computation;journal;21678375, 21678383;1.134;Q2;18;24;64;734;134;61;2.56;30.58;United States;Northern America;Association for Computing Machinery (ACM);2013-2021;"Computational Mathematics (Q1); Computer Science (miscellaneous) (Q1); Economics and Econometrics (Q1); Statistics and Probability (Q1); Marketing (Q2)"
93;40720;Journal of International Food and Agribusiness Marketing;journal;08974438, 15286983;0.421;Q3;25;57;71;4127;204;71;2.52;72.4;United States;Northern America;Routledge;1989-2021;"Business and International Management (Q2); Food Science (Q2); Marketing (Q3)"
94;21100855822;Cogent Business and Management;journal;23311975;0.409;Q3;23;230;499;17535;1296;499;2.44;76.24;United Kingdom;Western Europe;Cogent OA;2014-2021;"Business and International Management (Q2); Business, Management and Accounting (miscellaneous) (Q2); Accounting (Q3); Management Science and Operations Research (Q3); Marketing (Q3); Organizational Behavior and Human Resource Management (Q3); Strategy and Management (Q3)"
95;22819;International Journal of Market Research;journal;14707853;0.568;Q2;57;50;159;2504;355;135;2.41;50.08;United Kingdom;Western Europe;Market Research Society;1996-2021;"Business and International Management (Q2); Economics and Econometrics (Q2); Marketing (Q2)"
96;21100830431;Service Science;journal;21643970, 21643962;0.719;Q2;17;10;59;579;165;57;2.38;57.9;United States;Northern America;INFORMS Institute for Operations Research and the Management Sciences;2015-2021;"Business and International Management (Q2); Management Science and Operations Research (Q2); Marketing (Q2); Modeling and Simulation (Q2)"
97;13691;Journal of Vinyl and Additive Technology;journal;15480585, 10835601;0.367;Q3;36;87;212;3784;436;211;2.37;43.49;United Kingdom;Western Europe;John Wiley and Sons Ltd;1984-1989, 1992-2021;"Polymers and Plastics (Q2); Chemical Engineering (miscellaneous) (Q3); Chemistry (miscellaneous) (Q3); Marketing (Q3); Materials Chemistry (Q3)"
98;5700161512;Journal of Consumer Culture;journal;14695405, 17412900;1.229;Q1;58;83;111;4754;340;109;2.29;57.28;United Kingdom;Western Europe;SAGE Publications Ltd;2001-2021;"Arts and Humanities (miscellaneous) (Q1); Business and International Management (Q1); Economics and Econometrics (Q1); Marketing (Q1); Social Psychology (Q1); Sociology and Political Science (Q1)"
99;144958;Journal of Macromarketing;journal;2761467;1.135;Q2;58;52;108;4760;323;95;2.28;91.54;United States;Northern America;SAGE Publications Inc.;1981-2021;Marketing (Q2)
100;144655;Qualitative Market Research;journal;13522752;0.56;Q2;59;29;126;2601;322;119;2.26;89.69;United Kingdom;Western Europe;Emerald Group Publishing Ltd.;1998-2021;Marketing (Q2)
101;17600155397;International Journal of Design;journal;1994036X, 19913761;0.529;Q2;44;17;62;1115;192;60;2.22;65.59;Taiwan;Asiatic Region;National Taiwan University of Science and Technology;2007-2021;"Computer Graphics and Computer-Aided Design (Q2); Industrial and Manufacturing Engineering (Q2); Marketing (Q2); Strategy and Management (Q2)"
102;17700156768;Place Branding and Public Diplomacy;journal;17518040, 17518059;0.431;Q3;30;71;92;4479;202;87;2.16;63.08;United Kingdom;Western Europe;Palgrave Macmillan Ltd.;2008-2021;"Strategy and Management (Q2); Marketing (Q3)"
103;13088;International Journal of Applied Ceramic Technology;journal;1546542X, 17447402;0.388;Q3;61;264;702;10607;1522;701;2.15;40.18;United States;Northern America;Wiley-Blackwell;2004-2021;"Materials Chemistry (Q2); Ceramics and Composites (Q3); Condensed Matter Physics (Q3); Marketing (Q3)"
104;21100242603;Journal of Place Management and Development;journal;17538343, 17538335;0.571;Q2;31;38;99;2548;247;94;2.15;67.05;United Kingdom;Western Europe;Emerald Group Publishing Ltd.;2008-2021;"Urban Studies (Q1); Business and International Management (Q2); Geography, Planning and Development (Q2); Marketing (Q2); Strategy and Management (Q2); Tourism, Leisure and Hospitality Management (Q2)"
105;21101021052;Journal of the Association for Consumer Research;journal;23781823, 23781815;1.463;Q1;20;51;134;2396;324;122;2.08;46.98;United States;Northern America;University of Chicago Press;2016-2021;"Applied Psychology (Q1); Economics and Econometrics (Q1); Marketing (Q1)"
106;7100153137;Transformations in Business and Economics;journal;16484460;0.37;Q3;22;99;288;4404;439;273;1.84;44.48;Lithuania;Eastern Europe;Vilnius University Press;2006-2021;"Business and International Management (Q2); Political Science and International Relations (Q2); Social Sciences (miscellaneous) (Q2); Economics and Econometrics (Q3); Marketing (Q3)"
107;21385;Canadian Journal of Administrative Sciences;journal;19364490, 08250383;0.408;Q3;53;41;133;2875;224;131;1.78;70.12;United States;Northern America;Wiley-Blackwell;1984-1990, 1996-2021;"Business and International Management (Q2); Management of Technology and Innovation (Q2); Marketing (Q3); Public Administration (Q3)"
108;21101040211;Forum Scientiae Oeconomia;journal;23534435, 23005947;0.285;Q3;10;28;79;1672;115;79;1.78;59.71;Poland;Eastern Europe;WSB University;2017-2021;"Business and International Management (Q3); Economics and Econometrics (Q3); Marketing (Q3); Strategy and Management (Q3)"
109;21100855999;Journal of Eastern European and Central Asian Research;journal;23288280, 23288272;0.291;Q3;7;53;82;1806;125;79;1.78;34.08;United States;Northern America;Institute of Eastern Europe and Central Asia;2014-2021;"Business and International Management (Q3); Economics and Econometrics (Q3); Finance (Q3); Marketing (Q3); Organizational Behavior and Human Resource Management (Q3); Strategy and Management (Q3)"
110;21100446515;Sport, Business and Management: An International Journal;journal;20426798, 2042678X;0.395;Q3;20;35;101;2354;197;96;1.73;67.26;United Kingdom;Western Europe;Emerald Group Publishing Ltd.;2011-2021;"Business and International Management (Q2); Marketing (Q3); Strategy and Management (Q3); Tourism, Leisure and Hospitality Management (Q3)"
111;18000156701;International Journal of Pharmaceutical and Healthcare Marketing;journal;17506123;0.311;Q3;25;28;95;1786;168;92;1.72;63.79;United Kingdom;Western Europe;Emerald Group Publishing Ltd.;2007-2021;"Health Policy (Q3); Marketing (Q3)"
112;21100893575;Asian Journal of Business Research;journal;24634522, 17788933;0.233;Q3;6;21;55;1346;83;53;1.7;64.1;New Zealand;Pacific Region;;2018-2021;"Political Science and International Relations (Q2); Business and International Management (Q3); Marketing (Q3); Sociology and Political Science (Q3); Strategy and Management (Q3)"
113;21100262412;Journal of Research in Marketing and Entrepreneurship;journal;14715201;0.417;Q3;23;19;43;1702;120;42;1.67;89.58;United Kingdom;Western Europe;Emerald Group Publishing Ltd.;1999-2007, 2009-2021;"Business and International Management (Q2); Marketing (Q3); Strategy and Management (Q3)"
114;21100899438;Communication Research and Practice;journal;22063374;0.582;Q2;9;25;85;1295;187;69;1.63;51.8;United Kingdom;Western Europe;Taylor and Francis Ltd.;2016, 2018-2021;"Political Science and International Relations (Q1); Communication (Q2); Computer Networks and Communications (Q2); Marketing (Q2); Human-Computer Interaction (Q3)"
115;17500155141;International Review on Public and Nonprofit Marketing;journal;18651992, 18651984;0.357;Q3;19;50;72;4136;141;72;1.63;82.72;Germany;Western Europe;Springer Verlag;2001, 2009-2021;"Economics and Econometrics (Q3); Marketing (Q3)"
116;4700152754;Journal of Nonprofit and Public Sector Marketing;journal;15406997, 10495142;0.554;Q2;34;48;74;3405;169;73;1.62;70.94;United States;Northern America;Routledge;1993-2021;Marketing (Q2)
117;21100857397;International Journal of E-Services and Mobile Applications;journal;1941627X, 19416288;0.316;Q3;8;22;58;1113;94;58;1.58;50.59;United States;Northern America;IGI Global Publishing;2017-2020;"Computer Networks and Communications (Q3); Computer Science Applications (Q3); Management Information Systems (Q3); Marketing (Q3); Strategy and Management (Q3)"
118;21100836592;International Journal of Technology Marketing;journal;17418798, 1741878X;0.254;Q3;13;21;38;1500;56;38;1.5;71.43;Switzerland;Western Europe;Inderscience Publishers;2005-2021;"Marketing (Q3); Computer Science Applications (Q4)"
119;21100794012;Public Relations Inquiry;journal;20461488, 2046147X;0.641;Q2;14;26;52;1578;77;43;1.47;60.69;United States;Northern America;SAGE Publications Inc.;2014-2021;"Communication (Q1); Linguistics and Language (Q1); Marketing (Q2); Organizational Behavior and Human Resource Management (Q2); Strategy and Management (Q2)"
120;21100902638;Contemporary Management Research;journal;18135498;0.268;Q3;4;8;35;683;45;35;1.39;85.38;Taiwan;Asiatic Region;Academy of Taiwan Information Systems Research;2018-2021;"Economics and Econometrics (Q3); Management Information Systems (Q3); Management, Monitoring, Policy and Law (Q3); Management of Technology and Innovation (Q3); Marketing (Q3); Strategy and Management (Q3)"
121;5200152620;Event Management;journal;15259951;0.443;Q3;36;46;189;2724;312;189;1.29;59.22;United States;Northern America;Cognizant Communication Corporation;2006-2021;"Business and International Management (Q2); Marketing (Q3); Tourism, Leisure and Hospitality Management (Q3)"
122;21100773724;EAI Endorsed Transactions on Energy Web;journal;2032944X;0.211;Q4;9;82;158;2694;161;158;1.28;32.85;Belgium;Western Europe;European Alliance for Innovation;2013-2021;"Control and Systems Engineering (Q4); Energy Engineering and Power Technology (Q4); Information Systems (Q4); Marketing (Q4); Renewable Energy, Sustainability and the Environment (Q4)"
123;130090;Journal of Electronic Commerce in Organizations;journal;15392937;0.293;Q3;24;20;69;1391;85;69;1.27;69.55;United States;Northern America;IGI Publishing;2005-2022;"Computer Networks and Communications (Q3); Computer Science Applications (Q3); Marketing (Q3); Strategy and Management (Q3)"
124;21300;Health Marketing Quarterly;journal;15450864, 07359683;0.267;Q3;28;47;62;2047;78;62;1.26;43.55;United States;Northern America;Routledge;1983-2021;"Health Professions (miscellaneous) (Q3); Marketing (Q3)"
125;18300156733;Foundations and Trends in Marketing;journal;15550761, 15550753;0.935;Q2;15;1;13;127;32;13;1.25;127;United States;Northern America;Now Publishers Inc;2006-2007, 2009-2021;"Economics and Econometrics (Q2); Marketing (Q2)"
126;21101023216;Foreign Trade Review;journal;00157325, 09717633;0.428;Q3;9;32;67;1073;78;52;1.2;33.53;India;Asiatic Region;Sage Publications India Pvt. Ltd;1966-2021;"Business and International Management (Q2); Economics, Econometrics and Finance (miscellaneous) (Q2); Marketing (Q3)"
127;4000151815;International Journal of Internet Marketing and Advertising;journal;14775212, 17418100;0.277;Q3;21;29;64;2051;83;63;1.18;70.72;United Kingdom;Western Europe;Inderscience Enterprises Ltd.;2004-2021;Marketing (Q3)
128;4700152786;Journal of Political Marketing;journal;15377857, 15377865;0.421;Q3;27;31;74;1920;117;68;1.13;61.94;United States;Northern America;Routledge;2002-2021;"Sociology and Political Science (Q2); Marketing (Q3)"
129;17700156006;WSEAS Transactions on Business and Economics;journal;11099526;0.194;Q4;19;125;234;4564;216;228;1.08;36.51;Greece;Western Europe;World Scientific and Engineering Academy and Society;2009-2015, 2017-2021;"Business and International Management (Q4); Economics and Econometrics (Q4); Finance (Q4); Marketing (Q4); Organizational Behavior and Human Resource Management (Q4); Strategy and Management (Q4)"
130;21100788210;International Journal of Nonprofit and Voluntary Sector Marketing;journal;1479103X, 14654520;0.295;Q3;15;3;96;185;110;95;1.04;61.67;United Kingdom;Western Europe;John Wiley and Sons Ltd;2014-2021;"Economics and Econometrics (Q3); Marketing (Q3); Strategy and Management (Q3)"
131;144981;Quantitative Marketing and Economics;journal;15707156, 1573711X;2.882;Q1;34;13;37;498;70;37;1.04;38.31;Netherlands;Western Europe;Kluwer Academic Publishers;2005-2021;"Economics, Econometrics and Finance (miscellaneous) (Q1); Marketing (Q1)"
132;21100920052;International Journal of Business and Emerging Markets;journal;17536227, 17536219;0.228;Q3;4;21;43;1318;44;43;1.02;62.76;United Kingdom;Western Europe;Inderscience Enterprises Ltd.;2019-2021;"Business and International Management (Q3); Marketing (Q3); Strategy and Management (Q3); Economics and Econometrics (Q4)"
133;6200180168;International Journal of Electronic Marketing and Retailing;journal;17411025, 17411033;0.26;Q3;13;22;63;1526;70;62;1.02;69.36;United Kingdom;Western Europe;Inderscience Enterprises Ltd;2006-2021;"Business and International Management (Q3); Management Information Systems (Q3); Marketing (Q3)"
134;21100241711;Indian Journal of Marketing;journal;9738703;0.321;Q3;11;35;131;1528;165;130;1;43.66;India;Asiatic Region;Associated Management Consultants Private Limited;2010-2021;Marketing (Q3)
135;21100899296;Innovative Marketing;journal;18142427, 18166326;0.226;Q3;19;56;101;3010;133;101;0.99;53.75;Ukraine;Eastern Europe;LLC CPC Business Perspectives;2015-2021;"Economics, Econometrics and Finance (miscellaneous) (Q3); Management of Technology and Innovation (Q3); Marketing (Q3)"
136;21100822827;Communication Today;journal;1338130X;0.288;Q3;7;28;50;801;57;47;0.97;28.61;Slovakia;Eastern Europe;University of SS. Cyril and Methodius, Faculty of Mass Media Communication;2017-2021;"Communication (Q2); Marketing (Q3)"
137;19300156920;International Journal of Sport Finance;journal;15586235, 1930076X;0.448;Q3;25;12;52;568;56;52;0.94;47.33;United States;Northern America;Fitness Information Technology;2008-2021;"Business and International Management (Q2); Finance (Q2); Marketing (Q3); Sports Science (Q3)"
138;21100407655;Banks and Bank Systems;journal;19917074, 18167403;0.187;Q4;17;71;208;2851;196;208;0.93;40.15;Ukraine;Eastern Europe;Business Perspectives;2006-2021;"Business, Management and Accounting (miscellaneous) (Q3); Economics, Econometrics and Finance (miscellaneous) (Q3); Law (Q3); Finance (Q4); Management of Technology and Innovation (Q4); Marketing (Q4); Organizational Behavior and Human Resource Management (Q4)"
139;21100782865;Real Estate Management and Valuation;journal;23005289;0.279;Q3;10;25;114;956;104;114;0.93;38.24;Poland;Eastern Europe;De Gruyter Open Ltd.;2014-2021;"Economics and Econometrics (Q3); Finance (Q3); Marketing (Q3); Strategy and Management (Q3)"
140;21101041707;Journal of Creating Value;journal;23949643, 2454213X;0.339;Q3;10;22;69;728;85;51;0.91;33.09;United States;Northern America;SAGE Publications Inc.;2015-2021;"Business and International Management (Q3); Business, Management and Accounting (miscellaneous) (Q3); Marketing (Q3)"
141;19400157150;Cuadernos de Gestion;journal;11316837, 19882157;0.235;Q3;13;21;54;1296;59;54;0.9;61.71;Spain;Western Europe;Universidad del Pais Vasco;2001-2021;"Business and International Management (Q3); Business, Management and Accounting (miscellaneous) (Q3); Economics, Econometrics and Finance (miscellaneous) (Q3); Finance (Q3); Industrial Relations (Q3); Marketing (Q3); Strategy and Management (Q3); Organizational Behavior and Human Resource Management (Q4)"
142;21101045319;Iranian journal of Management Studies;journal;20087055, 23453745;0.171;Q4;4;40;31;2404;27;30;0.87;60.1;Iran;Middle East;University of Tehran, College of Farabi;2020-2021;"Business and International Management (Q4); Business, Management and Accounting (miscellaneous) (Q4); Marketing (Q4); Strategy and Management (Q4)"
143;21100945715;Journal of International Logistics and Trade;journal;25087592, 17382122;0.173;Q4;4;16;40;613;30;38;0.87;38.31;South Korea;Asiatic Region;Jungseok Research Institute of International Logistics and Trade;2018-2021;"Economics and Econometrics (Q4); Management Information Systems (Q4); Management Science and Operations Research (Q4); Marketing (Q4); Transportation (Q4)"
144;5700153460;Publishing Research Quarterly;journal;19364792, 10538801;0.256;Q3;17;45;136;1320;109;136;0.86;29.33;United States;Northern America;Springer US;1991-2021;"Media Technology (Q2); Business and International Management (Q3); Communication (Q3); Management of Technology and Innovation (Q3); Marketing (Q3); Computer Science Applications (Q4)"
145;21100788292;Recherche et Applications en Marketing;journal;20515707;0.254;Q3;10;46;90;4211;80;83;0.84;91.54;United States;Northern America;SAGE Publications Inc.;2014-2021;Marketing (Q3)
146;23201;Food Science and Technology Research;journal;13446606;0.226;Q4;45;84;323;2733;294;323;0.83;32.54;Switzerland;Western Europe;Japanese Society for Food Science and Technology;1999-2021;"Biotechnology (Q3); Chemical Engineering (miscellaneous) (Q3); Food Science (Q3); Industrial and Manufacturing Engineering (Q3); Marketing (Q4)"
147;21100827834;Sport Marketing Quarterly;journal;15572528, 10616934;0.516;Q3;9;1;26;81;70;23;0.83;81;United States;Northern America;FiT Publishing;2017-2018, 2020;"Strategy and Management (Q2); Marketing (Q3); Tourism, Leisure and Hospitality Management (Q3)"
148;21100820055;Journal of Distribution Science;journal;17383110, 20937717;0.176;Q4;11;97;336;4341;222;336;0.76;44.75;South Korea;Asiatic Region;Korea Distribution Science Association (KODISA);2016-2021;"Business and International Management (Q4); Economics and Econometrics (Q4); Marketing (Q4)"
149;22917;Journal of Empirical Generalisations in Marketing Science;journal;13264443;0.231;Q3;11;1;5;62;3;5;0.75;62;Australia;Pacific Region;University of South Australia;1996-2003, 2005-2007, 2009-2010, 2013-2014, 2016-2020;Marketing (Q3)
150;21100212700;RAE Revista de Administracao de Empresas;journal;2178938X, 00347590;0.26;Q3;18;42;137;2274;137;119;0.74;54.14;Brazil;Latin America;Fundacao Getulio Vargas, Escola de Administracao de Empresas de Sao Paulo;2007-2021;"Business and International Management (Q3); Business, Management and Accounting (miscellaneous) (Q3); Development (Q3); Education (Q3); Industrial Relations (Q3); Information Systems and Management (Q3); Management of Technology and Innovation (Q3); Marketing (Q3); Organizational Behavior and Human Resource Management (Q3); Public Administration (Q3); Strategy and Management (Q3); Management Science and Operations Research (Q4)"
151;19900191976;DLSU Business and Economics Review;journal;1167111;0.191;Q4;10;21;99;941;74;97;0.71;44.81;Philippines;Asiatic Region;De la Salle University;2008-2021;"Economics, Econometrics and Finance (miscellaneous) (Q3); Accounting (Q4); Marketing (Q4); Strategy and Management (Q4)"
152;21100970236;Estudios Gerenciales;journal;01235923, 26656744;0.185;Q4;15;41;119;2354;82;119;0.69;57.41;Colombia;Latin America;Universidad Icesi;2009-2021;"Business and International Management (Q4); Economics and Econometrics (Q4); Finance (Q4); Management of Technology and Innovation (Q4); Marketing (Q4); Strategy and Management (Q4)"
153;21100896465;International Journal of Customer Relationship Marketing and Management;journal;19479247, 19479255;0.132;Q4;4;22;53;1563;29;53;0.67;71.05;United States;Northern America;IGI Global Publishing;2018-2021;"Business and International Management (Q4); Information Systems (Q4); Information Systems and Management (Q4); Management Information Systems (Q4); Marketing (Q4)"
154;26283;Revista Galega de Economia;journal;11322799, 22555951;0.207;Q4;7;34;93;1752;52;91;0.64;51.53;Spain;Western Europe;Universidad de Santiago de Compostela;2001, 2003-2021;"Business, Management and Accounting (miscellaneous) (Q3); Demography (Q3); Development (Q3); Economics and Econometrics (Q4); Finance (Q4); Marketing (Q4); Organizational Behavior and Human Resource Management (Q4)"
155;4700153009;International Journal of Sport Management and Marketing;journal;14758962, 17402808;0.261;Q3;26;20;73;1339;69;73;0.62;66.95;United Kingdom;Western Europe;Inderscience Enterprises Ltd.;2005-2021;"Business and International Management (Q3); Marketing (Q3); Strategy and Management (Q3); Management Science and Operations Research (Q4); Sports Science (Q4)"
156;4700152802;Journal of Business and Finance Librarianship;journal;15470644, 08963568;0.251;Q3;18;27;48;761;39;48;0.57;28.19;United States;Northern America;Routledge;1990-1992, 1994, 1996-2021;"Library and Information Sciences (Q2); Management Information Systems (Q3); Marketing (Q3); E-learning (Q4)"
157;21100888595;Transnational Marketing Journal;journal;20414684, 20414692;0.156;Q4;4;27;39;1082;23;35;0.57;40.07;United Kingdom;Western Europe;Transnational Press London Ltd.;2018-2021;"Communication (Q3); Sociology and Political Science (Q3); Marketing (Q4)"
158;11600153630;Innovar;journal;1215051;0.196;Q4;13;51;131;3282;95;117;0.55;64.35;Colombia;Latin America;Universidad Nacional de Colombia;2008-2021;"Sociology and Political Science (Q3); Accounting (Q4); Marketing (Q4); Public Administration (Q4); Strategy and Management (Q4)"
159;21100887416;Marketing, Zeitschrift fur Forschung und Praxis;journal;3441369;0.295;Q3;5;12;46;697;36;36;0.54;58.08;Germany;Western Europe;C.H.BECK;2018-2021;"Marketing (Q3); Social Psychology (Q3)"
160;21100904665;Contributions to Management Science;book series;2197716X, 14311941;0.13;Q4;15;344;798;16591;424;1;0.51;48.23;Switzerland;Western Europe;Springer Nature Switzerland AG;2005-2022;"Business and International Management (Q4); Management of Technology and Innovation (Q4); Management Science and Operations Research (Q4); Marketing (Q4); Strategy and Management (Q4)"
161;21100448240;International Journal of Management and Business Research;journal;22287019, 22287027;0.115;Q4;7;0;105;0;31;105;0.51;0;Iran;Middle East;Islamic Azad University;2015-2019;"Business and International Management (Q4); Marketing (Q4); Organizational Behavior and Human Resource Management (Q4); Strategy and Management (Q4)"
162;21100403907;Journal of Historical Research in Marketing;journal;17557518, 1755750X;0.26;Q3;18;12;72;744;36;67;0.5;62;United Kingdom;Western Europe;Emerald Group Publishing Ltd.;2009-2021;Marketing (Q3)
163;24991;Review of Marketing Science;journal;15465616;0.115;Q4;13;7;16;380;8;16;0.5;54.29;Germany;Western Europe;Walter de Gruyter GmbH;2003-2017, 2019-2021;Marketing (Q4)
164;19900192544;Trziste;journal;3534790;0.165;Q4;8;18;52;771;30;44;0.42;42.83;Croatia;Eastern Europe;University of Zagreb;2011-2021;"Economics, Econometrics and Finance (miscellaneous) (Q4); Marketing (Q4)"
165;21100894552;Journal of Advertising Education;journal;10980482, 25161873;0.23;Q3;2;13;49;170;24;34;0.36;13.08;United States;Northern America;SAGE Publications Ltd;2018-2021;"Communication (Q3); Education (Q3); Marketing (Q3)"
166;21100858350;Fashion, Style and Popular Culture;journal;20500734, 20500726;0.192;Q4;4;24;79;656;28;66;0.35;27.33;United Kingdom;Western Europe;Intellect Ltd.;2016-2021;"Cultural Studies (Q2); Marketing (Q4); Materials Science (miscellaneous) (Q4); Social Psychology (Q4); Strategy and Management (Q4)"
167;21101021137;Revista Brasileira de Marketing;journal;21775184;0.155;Q4;6;46;136;2920;52;136;0.34;63.48;Brazil;Latin America;Universidade Nove de Julho-UNINOVE;2015-2021;"Economics and Econometrics (Q4); Marketing (Q4)"
168;21100893318;Journal of Digital and Social Media Marketing;journal;20500084, 20500076;0.178;Q4;3;29;97;792;37;87;0.33;27.31;United Kingdom;Western Europe;Henry Stewart Publications;2018-2021;"Communication (Q3); Marketing (Q4)"
169;19699;International Journal of Services, Technology and Management;journal;14606720, 1741525X;0.12;Q4;24;23;96;1263;27;93;0.3;54.91;United Kingdom;Western Europe;Inderscience Enterprises Ltd.;2000-2021;"Computer Science Applications (Q4); E-learning (Q4); Engineering (miscellaneous) (Q4); Marketing (Q4); Strategy and Management (Q4)"
170;21101052717;Journal of Data Protection and Privacy;journal;23981687, 23981679;0.123;Q4;2;31;31;1321;9;27;0.29;42.61;United Kingdom;Western Europe;Henry Stewart Publications;2020-2021;"Law (Q4); Management Information Systems (Q4); Marketing (Q4); Strategy and Management (Q4)"
171;21101033834;Review of Applied Socio-Economic Research;journal;22476172;0.104;Q4;1;19;14;501;4;12;0.29;26.37;Romania;Eastern Europe;;2020-2021;"Business and International Management (Q4); Economics and Econometrics (Q4); Management of Technology and Innovation (Q4); Marketing (Q4); Social Sciences (miscellaneous) (Q4)"
172;21101027487;Journal of Cultural Marketing Strategy;journal;20568002, 20568010;0.125;Q4;1;8;15;510;4;12;0.27;63.75;United Kingdom;Western Europe;Henry Stewart Publications;2020-2021;"Management Information Systems (Q4); Marketing (Q4); Organizational Behavior and Human Resource Management (Q4); Strategy and Management (Q4)"
173;21100905324;Journal of Brand Strategy;journal;2045855X, 20458568;0.193;Q4;3;26;97;825;41;86;0.26;31.73;United Kingdom;Western Europe;Henry Stewart Publications;2018-2021;"Communication (Q3); Management of Technology and Innovation (Q4); Marketing (Q4); Social Psychology (Q4); Strategy and Management (Q4)"
174;21100927900;Journal of Food Distribution Research;journal;26433354;0.138;Q4;2;24;43;538;11;41;0.26;22.42;United States;Northern America;Food Distribution Research Society;2019-2021;"Agronomy and Crop Science (Q4); Economics and Econometrics (Q4); Food Science (Q4); Management Science and Operations Research (Q4); Marketing (Q4)"
175;4800153107;Advances in Business Marketing and Purchasing;book series;10690964;0.189;Q4;10;0;14;0;4;6;0.25;0;United Kingdom;Western Europe;Emerald Group Publishing Ltd.;2000, 2002-2004, 2008-2016, 2018-2019;"Economics, Econometrics and Finance (miscellaneous) (Q3); Marketing (Q4)"
176;21101043743;Jordan Journal of Business Administration;journal;18158633, 23086149;0.117;Q4;2;21;36;1114;9;36;0.25;53.05;Jordan;Middle East;University of Jordan,Deanship of Scientific Research;2020-2021;"Accounting (Q4); Business, Management and Accounting (miscellaneous) (Q4); Management Information Systems (Q4); Marketing (Q4)"
177;21100265102;Research in Consumer Behavior;book series;8852111;0.245;Q3;16;0;25;0;12;11;0.23;0;United Kingdom;Western Europe;Emerald Group Publishing Ltd.;2007, 2010-2016, 2018-2019;"Business, Management and Accounting (miscellaneous) (Q3); Marketing (Q3)"
178;21100892891;Applied Marketing Analytics;journal;20547544, 20547552;0.19;Q4;3;40;88;548;21;78;0.2;13.7;United Kingdom;Western Europe;Henry Stewart Publications;2018-2021;"Marketing (Q4); Statistics, Probability and Uncertainty (Q4); Strategy and Management (Q4)"
179;21101052349;Journal of Global Business and Technology;journal;26162733, 15535495;0.11;Q4;1;10;15;355;3;11;0.2;35.5;United States;Northern America;Global Business and Technology Association, Inc.;2020-2021;"Business and International Management (Q4); Management of Technology and Innovation (Q4); Marketing (Q4); Strategy and Management (Q4)"
180;21101043387;Journal of International Business Education;journal;20444575, 16494946;0.135;Q4;1;0;17;0;3;16;0.18;0;United Kingdom;Western Europe;NeilsonJournals Publishing;2020;"Business and International Management (Q4); Business, Management and Accounting (miscellaneous) (Q4); Marketing (Q4); Strategy and Management (Q4)"
181;56171;Paper Asia;trade journal;2184540;0.109;Q4;4;0;522;0;61;513;0.17;0;Malaysia;Asiatic Region;SHPMedia Sdn Bhd;1997-2014, 2016-2019;"Media Technology (Q3); Marketing (Q4); Materials Science (miscellaneous) (Q4)"
182;21101023274;Finance;journal;21010145, 07526180;0.185;Q4;1;8;19;580;3;18;0.16;72.5;France;Western Europe;Presses Universitaires de Grenoble;2019-2021;"Accounting (Q4); Economics and Econometrics (Q4); Finance (Q4); Marketing (Q4)"
183;21100229117;Journal for Advancement of Marketing Education;journal;15375137, 23263296;0.125;Q4;9;5;26;143;9;25;0.13;28.6;United States;Northern America;;2012-2021;"Education (Q4); Marketing (Q4)"
184;22032;Keramische Zeitschrift;journal;230561;0.107;Q4;8;39;127;157;12;65;0.12;4.03;Germany;Western Europe;;1968-2021;"Visual Arts and Performing Arts (Q3); Ceramics and Composites (Q4); Marketing (Q4)"
185;21100372440;Communication and Management;journal;2271734X, 22697195;0.115;Q4;2;24;56;782;7;43;0.04;32.58;France;Western Europe;Editions Eska;2013-2021;"Business and International Management (Q4); Marketing (Q4)"
186;5700165164;Paper360;trade journal;19333684;0.101;Q4;9;0;72;0;2;72;0.03;0;United States;Northern America;Questex Media Group Inc.;2006-2019;"Forestry (Q4); Marketing (Q4); Materials Science (miscellaneous) (Q4)"
187;13227;Paint and Coatings Industry;journal;8843848;0.102;Q4;9;11;288;55;3;97;0.02;5;United States;Northern America;Business News Publishing Co.;1996-2021;"Chemistry (miscellaneous) (Q4); Marketing (Q4); Surfaces, Coatings and Films (Q4)"
188;18770;Petroleum Economist;trade journal;0306395X;0.1;Q4;4;0;170;0;2;133;0.01;0;United Kingdom;Western Europe;Petroleum Economist Ltd.;1979-1983, 1985, 1999-2015, 2017-2020;"Energy Engineering and Power Technology (Q4); Fuel Technology (Q4); Marketing (Q4)"
189;21101051084;Agricultural and Resource Economics;journal;2414584X;;-;2;48;0;1602;0;0;0;33.38;Ukraine;Eastern Europe;Institute of Eastern European Research and Consulting;2021;"Agricultural and Biological Sciences (miscellaneous); Business, Management and Accounting (miscellaneous); Marketing"
190;21101058356;American Business Review;journal;26898810;;-;1;22;0;1616;0;0;0;73.45;United States;Northern America;Pompea College of Business, University of New Haven;2021;"Business, Management and Accounting (miscellaneous); Marketing; Organizational Behavior and Human Resource Management; Strategy and Management"
191;21101058047;BioProducts Business;journal;23781394;;-;0;1;0;17;0;0;0;17;United States;Northern America;Society of Wood Science and Technology;2021;"Forestry; Management of Technology and Innovation; Marketing; Strategy and Management"
192;21101034343;European Journal of Business Science and Technology;journal;26947161, 23366494;0.103;Q4;0;14;11;706;0;11;0;50.43;Czech Republic;Eastern Europe;Mendel University in Brno;2020-2021;"Business and International Management (Q4); Economics and Econometrics (Q4); Finance (Q4); Management Information Systems (Q4); Management of Technology and Innovation (Q4); Marketing (Q4)"
193;27878;Flexo;trade journal;10517324;0.1;Q4;3;0;86;0;1;86;0;0;United States;Northern America;Flexographic Technical Association;1996-2018;"Marketing (Q4); Media Technology (Q4)"
194;21101036138;International Journal of Instructional Cases;journal;2399830X;0.102;Q4;0;1;16;0;0;16;0;0;United Kingdom;Western Europe;Herald Academic Ltd;2017-2021;"Business, Management and Accounting (miscellaneous) (Q4); Management Information Systems (Q4); Marketing (Q4); Strategy and Management (Q4)"
195;21100773744;International Journal of Marketing Semiotics;journal;21952280;0.156;Q4;4;0;9;0;4;9;0;0;Germany;Western Europe;University of Kassel;2013-2020;"Communication (Q3); Linguistics and Language (Q3); Marketing (Q4)"
196;21100902624;Journal of Consumer Satisfaction, Dissatisfaction and Complaining Behavior;journal;8998620;0.11;Q4;2;0;9;0;2;9;0;0;United States;Northern America;University of Nevada;2018-2019;"Applied Psychology (Q4); Business and International Management (Q4); Marketing (Q4); Social Psychology (Q4)"
197;21101045047;Journal of Philanthropy and Marketing;journal;26911361;;-;0;15;0;700;0;0;0;46.67;United States;Northern America;John Wiley and Sons Inc.;2021;"Economics and Econometrics; Marketing; Strategy and Management"
198;5000160402;Packaging News;trade journal;482676;0.101;Q4;2;0;90;0;0;44;0;0;Australia;Pacific Region;Yaffa Publishing Group;2006-2019;"Marketing (Q4); Materials Science (miscellaneous) (Q4)"
199;28903;Printing Impressions;trade journal;0032860X;0.1;Q4;1;0;97;0;0;86;0;0;United States;Northern America;North American Publishing Co.;1998-2000, 2005-2019;"Marketing (Q4); Media Technology (Q4)"
200;4100151611;Printwear;trade journal;15227898, 08983313;0.1;Q4;2;0;137;0;0;137;0;0;United States;Northern America;National Business Media, Inc.;1990, 2001-2018;"Marketing (Q4); Materials Science (miscellaneous) (Q4); Mechanics of Materials (Q4)"
201;25443;Sales and Marketing Management;journal;1637517;0.101;Q4;11;0;62;0;0;24;0;0;United States;Northern America;VNU eMedia Inc.;1996-2010, 2012-2018;"Business and International Management (Q4); Marketing (Q4)"
202;28951;Screen Printing;trade journal;369594;0.1;Q4;2;0;53;0;0;53;0;0;United States;Northern America;S T Publications;1996, 1999-2020;"Marketing (Q4); Media Technology (Q4)"
203;5000159102;Seybold Report;trade journal;15339211;0.104;Q4;1;33;55;6;0;8;0;0.18;United States;Northern America;Seybold Publications;2005, 2013, 2015-2021;"Media Technology (Q3); Marketing (Q4)"
